insert into department values ( 1, 'Computer Science');
insert into department values ( 2, 'Data Science');
insert into department values ( 3, 'Axe development');

insert into student  values ( 1, 'dario1', 'caric', 'dario.caric@gmail.com',1);
insert into student  values ( 2, 'dario2', 'caric', 'dario.caric@gmail.com',1);
insert into student  values ( 3, 'dario3', 'caric', 'dario.caric@gmail.com',1);
insert into student  values ( 4, 'dario4', 'caric', 'dario.caric@gmail.com',2);
insert into student  values ( 5, 'dario5', 'caric', 'dario.caric@gmail.com',2);
insert into student  values ( 6, 'dario6', 'caric', 'dario.caric@gmail.com',2);
insert into student  values ( 7, 'dario7', 'caric', 'dario.caric@gmail.com',1);
insert into student  values ( 8, 'dario8', 'caric', 'dario.caric@gmail.com',1);
insert into student  values ( 9, 'dario9', 'caric', 'dario.caric@gmail.com',1);
insert into student  values ( 10, 'dario10', 'caric', 'dario.caric@gmail.com',1);
insert into student  values ( 11, 'dario11', 'caric', 'dario.caric@gmail.com',1);
insert into student  values ( 12, 'dario12', 'caric', 'dario.caric@gmail.com',1);
insert into student  values ( 13, 'dario13', 'caric', 'dario.caric@gmail.com',2);
insert into student  values ( 14, 'dario14', 'caric', 'dario.caric@gmail.com',2);
insert into student  values ( 15, 'dario15', 'caric', 'dario.caric@gmail.com',2);
insert into student  values ( 16, 'dario16', 'caric', 'dario.caric@gmail.com',1);
insert into student  values ( 17, 'dario17', 'caric', 'dario.caric@gmail.com',1);
insert into student  values ( 18, 'dario18', 'caric', 'dario.caric@gmail.com',1);
insert into student  values ( 19, 'dario19', 'caric', 'dario.caric@gmail.com',1);
insert into student  values ( 20, 'dario20', 'caric', 'dario.caric@gmail.com',1);
insert into student  values ( 21, 'dario21', 'caric', 'dario.caric@gmail.com',1);
insert into student  values ( 22, 'dario22', 'caric', 'dario.caric@gmail.com',1);
insert into student  values ( 23, 'dario23', 'caric', 'dario.caric@gmail.com',1);
insert into student  values ( 24, 'dario24', 'caric', 'dario.caric@gmail.com',1);
insert into student  values ( 25, 'dario25', 'caric', 'dario.caric@gmail.com',1);
insert into student  values ( 26, 'darth', 'vader', 'vader@gmail.com',1);
insert into student  values ( 27, 'darth', 'malgus', 'malgus@gmail.com',1);
insert into student  values ( 28, 'darth', 'raven', 'raven@gmail.com',3);
insert into student  values ( 29, 'darth', 'bane', 'bane@gmail.com',1);
insert into student  values ( 30, 'darth', 'sion', 'sion@gmail.com',2);
insert into student  values ( 31, 'darth', 'vindican', 'vindican@gmail.com',1);

insert into subject_learning (id, marks_obtained, sub_name, student_id) values ( 1, 50, 'PHP', 1);
insert into subject_learning (id, marks_obtained, sub_name, student_id)  values ( 2, 50, 'PHP', 2);
insert into subject_learning (id, marks_obtained, sub_name, student_id)  values ( 3, 50, 'Java', 3);
insert into subject_learning (id, marks_obtained, sub_name, student_id)  values ( 4, 60, 'Java', 4);
insert into subject_learning (id, marks_obtained, sub_name, student_id)  values ( 5, 60, 'Java', 5);
insert into subject_learning (id, marks_obtained, sub_name, student_id)  values ( 6, 60, 'Oracle', 6);
insert into subject_learning (id, marks_obtained, sub_name, student_id)  values ( 7, 50, 'Oracle', 7);
insert into subject_learning (id, marks_obtained, sub_name, student_id)  values ( 8, 50, 'Oracle', 8);
insert into subject_learning (id, marks_obtained, sub_name, student_id)  values ( 9, 50, 'Oracle', 9);
insert into subject_learning (id, marks_obtained, sub_name, student_id)  values ( 10, 50, 'Python', 10);
insert into subject_learning (id, marks_obtained, sub_name, student_id)  values ( 11, 50, 'Python', 11);
insert into subject_learning (id, marks_obtained, sub_name, student_id)  values ( 12, 50, 'PHP', 12);
insert into subject_learning (id, marks_obtained, sub_name, student_id)  values ( 13, 50, 'PHP', 13);
insert into subject_learning (id, marks_obtained, sub_name, student_id)  values ( 14, 50, 'Java', 14);
insert into subject_learning (id, marks_obtained, sub_name, student_id)  values ( 15, 50, 'PHP', 15);
insert into subject_learning (id, marks_obtained, sub_name, student_id)  values ( 16, 50, 'Python', 16);
insert into subject_learning (id, marks_obtained, sub_name, student_id)  values ( 17, 50, 'Oracle', 17);
insert into subject_learning (id, marks_obtained, sub_name, student_id)  values ( 18, 50, 'MySQL',18);
insert into subject_learning (id, marks_obtained, sub_name, student_id)  values ( 19, 50, 'MySQL', 19);
insert into subject_learning (id, marks_obtained, sub_name, student_id)  values ( 20, 50, 'MySQL', 20);
insert into subject_learning (id, marks_obtained, sub_name, student_id)  values ( 21, 50, 'Java',  21);
insert into subject_learning (id, marks_obtained, sub_name, student_id)  values ( 22, 50, 'Java',  22);
insert into subject_learning (id, marks_obtained, sub_name, student_id)  values ( 23, 50, 'MySQL',  23);
insert into subject_learning (id, marks_obtained, sub_name, student_id)  values ( 24, 50, 'Swift', 24);
insert into subject_learning (id, marks_obtained, sub_name, student_id)  values ( 25, 50, 'Swift', 25);
insert into subject_learning (id, marks_obtained, sub_name, student_id)  values ( 26, 50, 'Swift', 26);
insert into subject_learning (id, marks_obtained, sub_name, student_id)  values ( 27, 50, 'MySQL', 27);
insert into subject_learning (id, marks_obtained, sub_name, student_id)  values ( 28, 50, 'Java', 28);
insert into subject_learning (id, marks_obtained, sub_name, student_id)  values ( 29, 50, 'Java', 29);
insert into subject_learning (id, marks_obtained, sub_name, student_id)  values ( 30, 50, 'MySQL', 30);
insert into subject_learning (id, marks_obtained, sub_name, student_id)  values ( 31, 50, 'Swift', 31);